acousticness,age,artist_popularity,danceability,duration_ms,energy,followers,genre_popularity,id,instrumentalness,key,length,loudness,mode,name,tempo,time_signature,track_popularity,valence
0.1535,78.1,86.64,0.6838,206548.76,0.6539,19446044,97.96,37i9dQZF1DXcBWIGoYBM5M,0.0006,5.52,50,-5.9325,0.64,Today's Top Hits,121.5172,3.96,85.52,0.4461
0.1459,48.26,89.28,0.7897,204863.98,0.6327,9156924,99.97,37i9dQZF1DX0XUsuxWHRQd,0.0005,6.08,50,-6.271,0.62,RapCaviar,130.1094,4.04,81.38,0.4472
0.0438,310.43,62.22,0.6155,210501.8571,0.8318,4898447,93.18,37i9dQZF1DX4dyzvuaRJ0n,0.2447,5.2381,63,-5.1465,0.5397,mint,122.9136,3.9048,58.48,0.3895
0.2708,172.22,76.7,0.6374,222394.72,0.5158,4089057,99.41,37i9dQZF1DX4SBhb3fqCJd,0.0031,6.16,50,-7.6633,0.48,Are & Be,114.2754,3.92,63.82,0.437
0.0612,149.56,69.32,0.5327,216635.88,0.8031,4131747,96.56,37i9dQZF1DXcF6B6QPhFDv,0.0145,5.36,50,-4.8204,0.54,Rock This,123.8925,3.96,61.26,0.4931
0.1615,220.2,70.82,0.5811,197696.0196,0.7047,4534833,90.78,37i9dQZF1DX1lVhptIYRda,0.0,6.4314,51,-5.8769,0.9608,Hot Country,114.3956,3.9608,69.65,0.5703
0.185,139.58,88.46,0.746,210977.08,0.7546,7642855,99.56,37i9dQZF1DX10zKzsJ2jva,0.0001,4.88,50,-4.6824,0.6,¡Viva Latino!,118.4442,3.98,82.08,0.6545
0.1921,3.99,66.83,0.6038,209957.284,0.6416,2567914,94.86,37i9dQZF1DX4JAvHpjipBk,0.0311,5.4198,81,-6.6531,0.5556,New Music Friday,118.1736,3.963,55.72,0.4439
0.7756,1053.92,58.83,0.5129,228727.1154,0.3271,2461506,90.21,37i9dQZF1DX4E3UdUs7fUx,0.0516,5.2051,78,-11.97,0.7692,Afternoon Acoustic,115.216,3.9231,51.92,0.3203
0.9879,872.31,61.81,0.3776,178355.48,0.0715,3995758,87.13,37i9dQZF1DX4sWSpwq3LiO,0.9128,4.8867,150,-24.0759,0.4467,Peaceful Piano,107.7405,3.5667,62.09,0.1565
0.5354,377.95,59.26,0.5221,229998.7009,0.4573,1015592,93.87,37i9dQZF1DWYV7OOaGhoH0,0.0659,5.0748,107,-9.3801,0.7196,Roots Rising,115.5957,3.8972,52.6,0.3622
0.3725,1354.1,33.06,0.5028,216742.061,0.5736,4196,85.61,5JdIoXkjfuyWmDdDnznmq1,0.0293,5.3171,82,-8.5202,0.9024,Lost In Austin: Country Music from SXSW,128.7844,3.9024,22.88,0.5122
0.221,490.36,59.56,0.741,199848.68,0.592,15101,92.34,37i9dQZF1DX5PuwKY2VZBZ,0.0011,5.04,25,-7.4942,0.36,SXSW: HipHopUpNext,124.3317,3.88,41.08,0.5022
0.3445,547.51,45.47,0.5527,218424.1818,0.5674,3885,79.92,37i9dQZF1DXboGLA1CNczK,0.1051,4.8727,55,-7.7836,0.6909,Women of SXSW,121.3982,3.8727,30.53,0.3924
0.1674,4.78,72.64,0.6006,198131.9778,0.6392,80934,96.13,37i9dQZF1DWXJfnUiYjUKT,0.0015,5.0,45,-6.2467,0.4889,New Music Friday,119.914,4.0,59.04,0.4373
0.1439,7209.33,67.71,0.8075,234515.6667,0.6286,3939,97.15,4HghCZXykAY0kdRqJipQJd,0.0007,5.9048,21,-8.1452,0.6667,Music Inspired By Mogul,103.0875,4.0,51.71,0.646
0.2182,596.53,53.31,0.5731,219494.6182,0.6671,7926,82.59,1LYK2ahDnbLnS4fddCFY7z,0.1029,5.5818,55,-6.9406,0.6364,SXSW 2017: Daily Guide,121.3185,3.8545,42.29,0.4722
0.1415,175.54,79.16,0.6777,200685.74,0.666,1488087,97.89,37i9dQZF1DXcRXFNfZr7Tp,0.0008,5.14,50,-5.6178,0.7,TGIF,113.554,4.0,73.82,0.4553
0.2005,695.16,41.53,0.5407,214371.7451,0.6924,9115,75.75,37i9dQZF1DXdIcOzOLoAn6,0.1045,4.3137,51,-7.438,0.7255,SXSW UK Rising,129.1276,3.9804,28.71,0.4297
0.7823,1163.5,25.89,0.3105,322489.8261,0.3134,6297,79.43,37i9dQZF1DWY7uXxMycXfq,0.7227,4.5652,46,-15.5601,0.5435,Women of Experimental,109.6811,3.8043,24.46,0.1303
0.3487,4559.5,63.05,0.6069,227756.5909,0.5432,17100,96.04,37i9dQZF1DX1328t2iygZy,0.0476,3.1818,22,-9.11,0.8182,The Refugee Playlist,110.4004,3.8182,44.36,0.3984
0.3615,1665.33,61.29,0.4907,249612.0612,0.4418,15251,96.91,37i9dQZF1DX1wvY0jqbS55,0.0166,5.6735,49,-10.9373,0.8163,This Is: Jason Isbell,112.1187,3.898,46.02,0.4234
0.5857,2884.69,62.89,0.4689,164183.6066,0.443,434131,79.76,37i9dQZF1DWVs8I62NcHks,0.0003,4.9344,61,-10.7029,0.8361,This Is: Disney,113.6474,3.8689,45.82,0.4509
0.3507,16350.36,75.0,0.556,255543.76,0.5141,109513,99.36,37i9dQZF1DX95gx8SY6DLX,0.0336,5.18,50,-11.1118,0.6,This Is: The Doors,119.263,3.98,54.14,0.6173
0.0435,10774.6,83.0,0.5089,249849.8857,0.849,576990,99.36,37i9dQZF1DXec50AjHrNTq,0.1908,6.6571,35,-4.6772,0.8286,This Is: AC/DC,126.4816,4.0,62.6,0.4865
0.4648,2311.8,85.0,0.5215,254334.0,0.4794,673569,100.0,37i9dQZF1DWZUozJiHy44Y,0.0065,4.8,25,-6.9896,0.48,This Is Adele,120.9818,3.76,65.84,0.3075
0.33,10843.31,69.12,0.6635,235187.1154,0.431,37371,93.96,37i9dQZF1DWZMCPjHG57gq,0.0274,5.2692,26,-11.5853,0.8077,This Is Al Green,114.8786,3.8462,24.58,0.6327
0.5242,1228.48,76.0,0.4825,244150.1304,0.4823,75623,98.97,37i9dQZF1DWXMmak2OV7PN,0.2345,5.2174,23,-10.7586,0.7826,This Is alt-J,126.4673,4.0,54.48,0.2887
0.042,5701.9,62.0,0.7032,220235.4762,0.833,9190,99.74,37i9dQZF1DX3reMgdkcDa4,0.032,3.7619,21,-5.9957,0.5238,This Is: Aqua,129.1972,4.0,35.57,0.7192
0.3883,11115.34,72.14,0.5957,236120.12,0.5478,38678,100.0,37i9dQZF1DX6bJVMtDYJHx,0.0057,5.24,50,-9.6163,0.8,This Is Aretha Franklin,117.6699,3.8,44.88,0.6205
0.2679,13012.5,74.35,0.5752,239702.3269,0.4914,159849,96.84,37i9dQZF1DWZvGllBOMzci,0.0123,5.0962,52,-11.4531,0.6731,This Is Bee Gees,108.4642,3.9808,43.77,0.572
0.0107,5386.15,80.0,0.4312,177980.9231,0.9183,146174,98.97,37i9dQZF1DX4EKARgqYPFZ,0.0096,5.8615,65,-4.9532,0.9538,This Is: blink-182,130.107,3.9231,42.0,0.5259
0.8706,2994.92,35.84,0.5074,154028.88,0.3257,6583,79.99,37i9dQZF1DWY5M5bfaAf3t,0.1096,3.64,25,-11.6541,0.68,This is: Bronzeville,111.6826,3.68,21.84,0.5194
0.1986,1507.1,91.0,0.6807,224647.2051,0.6984,1582710,100.0,37i9dQZF1DX177vQ7mVRmP,0.0,3.5897,39,-5.3828,0.641,This Is Bruno Mars,125.7349,3.9744,72.05,0.6345
0.5418,11799.82,66.16,0.574,205254.82,0.4654,20587,99.37,37i9dQZF1DX6GiJlVeD6Ou,0.0392,4.26,50,-10.5876,0.84,This is: Carole King,123.4565,3.94,22.0,0.5897
0.0887,12154.36,69.0,0.4549,291208.34,0.7337,57267,99.36,37i9dQZF1DX5WtNRbfbuUo,0.1847,6.52,50,-8.9057,0.62,This is: Deep Purple,126.5863,3.94,37.34,0.5552
0.1305,8453.42,76.0,0.5913,274527.5472,0.7193,132742,96.65,37i9dQZF1DX3BSwupE5hR7,0.1084,6.0189,53,-9.1586,0.4717,This Is: Depeche Mode,123.1751,3.8868,45.42,0.5312
0.371,4686.94,61.0,0.5116,281233.8286,0.6695,8153,97.3,37i9dQZF1DWVRrLXgTbWFy,0.0215,5.3714,35,-6.7289,0.5714,This Is: Dispatch,113.9934,4.0571,40.34,0.4934
0.4275,956.08,97.0,0.6778,238432.825,0.5051,2676005,100.0,37i9dQZF1DWWxPM4nWdhyI,0.0001,5.5,40,-6.9851,0.775,This Is Ed Sheeran,107.8319,3.875,75.7,0.5808
0.0704,574.22,93.55,0.781,212941.775,0.5769,294880,100.0,37i9dQZF1DWVstK6FYh8Nw,0.0284,4.1,40,-6.7169,0.625,This Is Future,136.9666,3.975,60.18,0.2995
0.246,5377.35,73.51,0.6245,306240.098,0.5527,195029,99.75,37i9dQZF1DXcIVSTUG9zAG,0.0098,5.8824,51,-11.85,0.5686,This Is: George Michael,117.2375,3.8627,50.22,0.5354
0.7544,4643.22,57.2,0.5918,239320.3673,0.2466,7049,96.91,37i9dQZF1DWUifRttnt99X,0.0139,5.4694,49,-12.1761,0.8571,This Is: Gillian Welch,115.2033,3.898,36.78,0.4083
0.2711,983.26,83.0,0.4741,223428.0,0.6404,152431,100.0,37i9dQZF1DX3Csy1LFxjkI,0.0,6.4737,19,-5.8771,0.4737,This Is James Arthur,113.2301,3.9474,66.47,0.3927
0.1639,5407.16,71.0,0.6916,287390.66,0.76,78929,87.0,37i9dQZF1DX9OTdoPfdJpF,0.143,5.4,50,-7.9934,0.52,This is: Jamiroquai,114.9983,4.0,45.3,0.7104
0.4562,3104.38,82.14,0.6143,236619.1034,0.4952,204184,100.0,37i9dQZF1DWYrlaUEYy4Vg,0.0608,4.8793,58,-8.8988,0.8448,This Is: John Mayer,117.1533,3.9138,61.38,0.4589
0.4051,2324.62,82.11,0.5506,246155.5405,0.581,110083,100.0,37i9dQZF1DX8DxW4iib3Eq,0.0002,5.9189,37,-6.9505,0.5946,This Is: John Legend,107.8885,3.973,49.68,0.4776
0.1725,1769.39,91.2,0.6521,226186.1633,0.6711,1154636,100.0,37i9dQZF1DXc2aPBXGmXrt,0.0002,4.0204,49,-5.7979,0.5306,This Is Justin Bieber,115.0516,3.9592,60.45,0.5203
0.138,2190.56,82.39,0.6507,233592.25,0.7278,301301,100.0,37i9dQZF1DXc7FZ2VBjaeT,0.0022,4.25,36,-5.3874,0.6389,This Is Lady Gaga,120.5502,3.9167,52.86,0.5556
0.298,500.28,76.0,0.6386,217348.1562,0.6038,226058,100.0,37i9dQZF1DX1xlmTNXq2Qg,0.0551,4.7188,32,-7.8229,0.875,This Is: LANY,114.9412,3.9375,57.25,0.4028
0.5763,1938.61,62.0,0.4824,232689.9167,0.3793,9904,96.91,37i9dQZF1DX3Hdbt1R3mYP,0.0115,4.0278,36,-11.9525,0.6389,This Is: Laura Marling,118.2785,3.6389,34.22,0.3971
0.2424,1954.5,68.61,0.5189,222071.1964,0.6336,55164,95.4,37i9dQZF1DWULYh276RumE,0.0036,5.5357,56,-6.7378,0.9107,This Is:  Miranda Lambert,123.4305,3.8214,50.8,0.4228
0.0772,3719.27,77.29,0.4427,270955.561,0.7683,133939,99.36,37i9dQZF1DWTG97QsiXgEX,0.0552,5.878,41,-5.9961,0.7561,This Is: Muse,123.3529,3.8537,58.34,0.3157
0.4037,11959.24,70.72,0.4977,295101.44,0.4503,74988,99.36,37i9dQZF1DWT6VDwxLyl0W,0.0158,4.92,50,-12.4827,0.72,This Is: Neil Young,124.5974,3.92,40.02,0.4766
0.7618,17782.36,71.0,0.484,215060.26,0.3175,81653,96.91,37i9dQZF1DX8OYzU0lx5hL,0.0102,6.96,50,-13.3566,0.58,This Is Nina Simone,117.5754,3.66,45.98,0.4779
0.2337,9646.26,57.41,0.6837,282615.9565,0.6125,56366,99.19,37i9dQZF1DWThFkopzOaNW,0.0121,5.6522,46,-10.7507,0.6087,This Is New Edition,112.4438,3.9565,42.11,0.6816
0.1153,1570.04,84.0,0.581,209573.06,0.7551,379833,100.0,37i9dQZF1DX6p4TJxzMRDe,0.0,4.36,50,-4.5017,0.84,This Is One Direction,124.8796,3.98,63.88,0.5238
0.168,1598.56,81.78,0.5492,237407.6562,0.7243,123144,99.63,37i9dQZF1DXbZBKpgxsyXU,0.0066,5.1875,32,-6.0286,0.625,This Is: OneRepublic,111.2258,3.9375,50.88,0.389
0.7503,11098.96,62.0,0.6759,121346.92,0.232,7157,44.92,37i9dQZF1DX4dWEvmDfGoP,0.0195,4.32,50,-13.7628,0.94,This is: Raffi,114.5711,3.84,30.7,0.6779
0.1794,10378.86,74.0,0.7215,294292.2464,0.5624,406163,89.58,37i9dQZF1DX6JzJ8vAK836,0.0736,4.8406,69,-11.3691,0.7826,This Is Prince,118.6414,3.942,47.74,0.6118
0.3641,603.44,76.16,0.5684,210021.4062,0.5918,90254,99.94,37i9dQZF1DWXqcBHh7a68E,0.0013,5.8125,32,-7.0434,0.375,This Is: Rag'n'Bone Man,104.7017,3.8438,55.41,0.4074
0.0076,6983.55,71.0,0.3991,270563.7451,0.8044,48297,99.36,37i9dQZF1DX024QaIPhrkq,0.1923,5.5098,51,-7.9736,0.7647,This Is: Soundgarden,126.9928,3.7451,27.8,0.4227
0.1787,7494.21,60.0,0.553,224949.4186,0.7766,11478,99.36,37i9dQZF1DX1zj9CzXszqD,0.0529,4.5581,43,-7.1933,0.9302,This Is: Status Quo,134.0941,4.0,25.74,0.7119
0.2607,13453.82,77.42,0.603,262193.66,0.5601,81880,100.0,37i9dQZF1DWWYIyS8LLUDj,0.0019,6.2,50,-11.0509,0.6,This Is: Stevie Wonder,115.5884,4.0,48.28,0.6294
0.4609,13808.32,71.68,0.4667,177945.54,0.4785,46503,98.54,37i9dQZF1DXaZan2kzvaVc,0.0489,5.92,50,-9.5967,0.78,This Is The Beach Boys,117.495,3.7,44.2,0.5285
0.3657,15874.38,81.0,0.5466,255112.18,0.7284,264905,99.36,37i9dQZF1DX5COO9vTaRpO,0.1234,4.8,50,-7.0645,0.82,This Is: The Rolling Stones,124.9794,3.98,51.98,0.6528
0.2316,1044.4,92.73,0.6212,252202.7111,0.5824,990949,100.0,37i9dQZF1DX6bnzK9KPvrz,0.0099,5.0889,45,-7.4493,0.2667,This Is The Weeknd,124.3781,3.9333,69.84,0.3516
0.0993,1041.29,79.47,0.6002,202541.1724,0.7214,76539,95.4,37i9dQZF1DXctzlWgrxNLn,0.0001,5.3621,58,-5.9892,0.8103,This Is:  Thomas Rhett,117.9574,3.9138,55.43,0.6507
0.1793,1469.78,81.78,0.619,237565.4634,0.5819,100392,100.0,37i9dQZF1DX5xFQkXoZxdM,0.0,4.8537,41,-6.8599,0.4878,This Is: Trey Songz,123.312,4.0488,60.71,0.3855
0.5287,13168.59,76.01,0.525,300781.6667,0.4454,140060,99.36,37i9dQZF1DX8f6VxHEcGCN,0.0219,4.8267,75,-11.561,0.8667,This Is: Bob Dylan,125.6163,3.84,49.04,0.4968
0.3397,2890.72,71.0,0.6031,308302.2326,0.6046,59495,87.83,37i9dQZF1DWZais6SIaMts,0.6364,5.186,43,-9.9192,0.2326,This Is: Bonobo,112.9565,3.8837,45.88,0.2922
0.1708,4171.36,80.27,0.7241,220866.4,0.7536,196373,100.0,37i9dQZF1DWXcA2XXbXQ3d,0.0032,5.8222,45,-5.2298,0.5111,This Is: Britney Spears,116.794,4.0,55.09,0.683
0.1779,9726.27,76.0,0.5098,276715.1538,0.6897,75997,99.36,37i9dQZF1DX9qkL85stcHs,0.0257,5.5385,52,-9.0991,0.8654,This is: Bruce Springsteen,121.3356,4.0,46.31,0.5921
0.2944,7608.75,66.11,0.5464,221515.0833,0.6366,42699,99.73,37i9dQZF1DX3w9f3pg1Dyc,0.0004,4.3333,36,-9.0996,0.6944,This is: Cher,129.2621,3.9167,39.89,0.5174
0.6637,6462.23,68.0,0.64,173340.0333,0.6877,35335,99.36,37i9dQZF1DX0LonJ1uN97e,0.0445,4.2167,60,-8.0446,0.8667,This Is Chuck Berry,128.8148,3.8833,31.77,0.8277
0.1656,4878.41,82.69,0.7247,286491.4138,0.695,202110,89.62,37i9dQZF1DWZAkrucRF6Gq,0.5027,5.5172,29,-8.5018,0.4828,This Is Daft Punk,121.9522,4.0,58.72,0.5241
0.3231,13089.49,76.04,0.5459,261141.1333,0.5353,193037,99.36,37i9dQZF1DX9AUVnnnNUND,0.0535,5.1556,45,-9.8996,0.8889,This Is: Eagles,117.1007,3.9333,54.2,0.6123
0.3297,12632.17,75.0,0.6153,294913.3333,0.6122,97117,91.13,37i9dQZF1DX3yvjXSVJwJV,0.0064,6.9167,24,-10.5784,0.6667,"This Is Earth, Wind & Fire",115.4329,3.9583,49.71,0.6838
0.2653,11224.93,79.07,0.5409,284647.878,0.6209,177216,99.4,37i9dQZF1DX7VulteLVOkq,0.0354,4.5122,41,-8.9103,0.8049,This Is: Elton John,129.051,3.9512,43.22,0.5527
0.3364,1474.31,73.19,0.5666,231679.3077,0.6319,17411,99.66,37i9dQZF1DXdRITMyVwc9y,0.0048,3.8846,26,-6.6016,0.6154,This is: Emeli Sandé,109.4569,4.0,43.04,0.3386
0.1297,2277.35,80.0,0.6518,210509.375,0.6979,291779,92.25,37i9dQZF1DWSxQLa5KoDYW,0.1358,5.575,40,-6.8228,0.6,This Is: Gorillaz,123.974,3.95,60.35,0.5899
0.1182,1138.54,100.0,0.7494,238588.96,0.5492,1740890,99.93,37i9dQZF1DX7QOv5kjbU68,0.0028,5.0,50,-8.0368,0.52,This Is Drake,125.9557,3.98,74.7,0.3685
0.4203,10092.91,61.71,0.55,383236.9455,0.5215,46827,98.5,37i9dQZF1DX8N0xov3IdrH,0.1521,4.4364,55,-11.2929,0.8364,This is: Jerry Garcia,117.7364,3.7455,25.82,0.6296
0.7551,13145.05,65.0,0.5387,265293.2923,0.3067,31988,97.3,37i9dQZF1DX94esvuBEVw6,0.0288,4.2923,65,-12.8231,0.8462,This Is Joni Mitchell,111.1229,3.7538,39.49,0.4256
0.2007,840.27,82.24,0.6157,215713.4634,0.7393,385904,100.0,37i9dQZF1DWY24WaVcCqqH,0.0,5.6829,41,-4.4397,0.6098,This Is: Little Mix,125.2991,4.0,42.73,0.5705
0.5883,923.32,70.0,0.554,244732.52,0.479,68600,98.07,37i9dQZF1DX7FLzW9rNIxr,0.0407,5.36,25,-8.8273,0.52,This Is: London Grammar,117.4952,4.04,32.56,0.1913
0.3831,11787.28,66.6,0.507,283264.0,0.525,38530,99.23,37i9dQZF1DXdVelxaccCqL,0.1704,4.9,50,-11.0717,0.86,This is: Lou Reed,115.7709,3.96,34.04,0.4962
0.0588,2818.48,77.39,0.6241,220912.0682,0.7531,22801,98.86,37i9dQZF1DWXDAhqlN7e6W,0.0012,5.3182,44,-5.0278,0.5,This Is: Max Martin,128.4298,4.0,57.95,0.56
0.3132,5144.26,61.83,0.6363,289775.5652,0.5247,31367,96.06,37i9dQZF1DWTqZKf590Jo5,0.0202,5.2174,23,-9.1715,0.5217,This is: Maxwell,110.9654,3.9565,45.48,0.5293
0.3448,416.04,49.84,0.6106,235865.12,0.4973,916,91.6,37i9dQZF1DX5P58TnuVGha,0.0323,5.56,25,-8.8609,0.88,This Is: Margo Price,128.3748,3.8,37.8,0.5213
0.3394,6145.9,61.14,0.4164,267849.902,0.5325,36561,96.48,37i9dQZF1DWYEHBVWXZn8H,0.065,4.7451,51,-10.1659,0.6667,This Is: Nick Cave,125.1884,3.902,14.45,0.3918
0.0074,3351.2,78.0,0.5471,229218.6857,0.8877,131564,97.81,37i9dQZF1DX6JuPU62sIoU,0.0309,6.2,35,-4.3189,0.7429,This Is Nickelback,130.261,4.0,59.26,0.5708
0.3627,5144.48,79.0,0.3929,262257.5,0.5407,200640,99.36,37i9dQZF1DX1XDyq5cTk95,0.3387,5.56,50,-9.7492,0.5,This Is: Radiohead,121.5257,3.9,58.5,0.3089
0.2069,6569.48,74.0,0.4625,238931.1475,0.7056,61269,99.36,37i9dQZF1DWSNpCo0vJUOm,0.1122,4.7705,61,-7.329,0.7705,This Is: R.E.M.,128.8469,3.8852,39.66,0.5662
0.177,2346.28,92.44,0.6217,230045.9444,0.6647,894861,100.0,37i9dQZF1DWWhBhYl3ZMvY,0.0078,5.5278,36,-5.4537,0.5,This Is Rihanna,119.3651,3.9444,66.58,0.5033
0.1273,6418.0,70.0,0.5591,240227.0,0.675,47527,99.74,37i9dQZF1DX8IAL5KfmFJA,0.0059,5.28,50,-6.4089,0.84,This is: Roxette,122.7087,3.96,41.42,0.5174
0.4989,1179.23,69.37,0.6023,240661.0857,0.4597,36022,98.29,37i9dQZF1DX86aPVQf2emM,0.091,4.8286,35,-10.5642,0.5143,This Is: Sampha,123.0143,4.0286,48.86,0.3093
0.1315,1700.33,70.37,0.7245,197140.8696,0.7433,40827,99.41,37i9dQZF1DX5WbJFtYTzv7,0.0003,4.913,46,-6.2876,0.6304,This Is: Skepta,135.7673,4.0,37.63,0.5034
0.1195,6560.0,58.81,0.6468,242659.7209,0.7701,64111,99.15,37i9dQZF1DWWUJdr9ahsbf,0.0441,5.3023,43,-5.8998,0.5581,This Is Spice Girls,119.9316,4.0,47.63,0.6476
0.3239,7924.54,72.38,0.5773,261171.78,0.4951,119598,97.62,37i9dQZF1DX8yMCqd4JdaS,0.0293,4.48,50,-11.2211,0.58,This is: Sting,109.9533,3.92,42.58,0.4628
0.1444,3916.28,65.0,0.5564,238957.8,0.7492,38116,99.74,37i9dQZF1DX5joH2aOAS4r,0.0009,5.125,40,-7.6551,0.7,This Is Take That,119.8536,3.975,38.38,0.5214
0.2646,641.42,77.58,0.6305,226858.4667,0.68,107731,82.16,37i9dQZF1DX9AFOBBZSMWw,0.0002,5.2444,45,-6.8861,0.6,This Is: Stormzy,120.2724,4.0444,49.91,0.526
0.2498,8249.12,63.85,0.583,249677.1951,0.6689,43949,96.58,37i9dQZF1DX4UK2Qu9x6KC,0.0195,5.1707,41,-9.5196,0.6829,This Is Tina Turner,121.6063,3.878,37.61,0.6267
0.8519,9655.16,68.26,0.3823,202090.614,0.2543,44024,94.13,37i9dQZF1DX4c84KflUhSt,0.0017,4.8947,57,-12.3489,0.6842,This is: Tony Bennett,107.158,3.7544,37.89,0.2511
0.2052,2268.46,54.86,0.5766,329783.0,0.6228,15776,86.63,37i9dQZF1DX4cEqBpR9k1C,0.53,5.5429,35,-10.1528,0.4857,This Is Trentemøller,124.7951,3.8571,32.26,0.2868
0.1213,7317.11,80.1,0.4817,269254.5052,0.6455,279495,99.37,37i9dQZF1DX8kI525v95Yu,0.0903,5.1443,97,-9.6557,0.7423,This Is: U2,125.1192,3.9794,47.85,0.4089
0.4574,12179.12,74.0,0.5473,312294.96,0.5034,63679,99.36,37i9dQZF1DWUHyTgDVMaG1,0.0162,5.1,50,-10.0937,0.8,This Is Van Morrison,121.955,3.86,44.98,0.5756
0.0008,2359.94,74.0,0.4352,245006.0588,0.9119,83804,97.86,37i9dQZF1DWYrXu9rm1zUZ,0.0537,3.6471,34,-4.6163,0.8235,This Is: Volbeat,113.65,3.9706,48.82,0.451
0.1577,2051.89,65.62,0.7094,196864.3111,0.8426,11527,90.41,37i9dQZF1DXbW9wx2hgf03,0.0271,5.4,45,-5.3601,0.5556,This is: Wiley,134.5966,4.0222,30.29,0.7246
0.1111,7945.81,52.59,0.4629,278142.3281,0.7877,9825,96.91,37i9dQZF1DX7mMRxgkst0Y,0.2765,5.5781,64,-9.2238,0.7656,This Is: The Fall,131.7148,4.0,20.91,0.5631
0.1586,5672.95,48.58,0.473,276171.8167,0.6881,21332,88.72,37i9dQZF1DWY3pbjsJ6MxA,0.2877,4.05,60,-9.5718,0.8,Best of John Peel Sessions,123.0722,3.9,16.57,0.5122
0.5492,1674.03,73.8,0.6281,232179.0333,0.4502,130236,94.5,37i9dQZF1DWSp9aN7lDNHp,0.4037,5.0333,30,-11.9607,0.5333,This Is: The xx,119.4033,4.0,60.03,0.275
0.3576,12009.43,35.91,0.4137,283815.1304,0.4804,3976,88.41,37i9dQZF1DX4n3DaGTtM0p,0.5467,6.9565,23,-11.0969,0.4348,This Is: David Axelrod,118.6166,3.913,24.74,0.3892
0.0386,167.13,47.14,0.5111,213776.0714,0.7887,269324,81.57,37i9dQZF1DWT2jS7NwYPVI,0.0469,6.0,98,-5.2993,0.5306,New Noise,129.008,3.9694,47.38,0.4731
0.0752,222.96,60.59,0.5699,212225.9,0.7647,680369,91.64,37i9dQZF1DX82GYcclJ3Ug,0.0336,4.9,90,-5.2979,0.6,Digging Now,126.4046,3.9889,55.53,0.4957
0.0242,5964.78,74.5,0.4865,247698.44,0.8049,962431,99.06,37i9dQZF1DX49jUV2NfGku,0.0649,5.74,50,-5.8405,0.6,Rock Solid,125.3978,3.94,67.94,0.4537
0.0531,455.93,68.46,0.5056,227994.54,0.8026,68601,94.67,37i9dQZF1DX1Jg9KZ76Rr9,0.0396,5.21,100,-5.2893,0.6,Rock This: Best of 2017,128.0317,3.95,61.73,0.4763
0.0493,8609.96,73.3,0.5538,226241.8929,0.8371,262170,98.95,37i9dQZF1DX8FwnYE6PRvL,0.0594,6.0357,112,-6.4619,0.6429,Rock Party,126.4536,3.9821,64.14,0.6355
0.1794,15010.72,72.29,0.5193,268896.4615,0.7046,3538237,99.27,37i9dQZF1DWXRqgorJj26U,0.0518,5.2231,130,-8.9446,0.7462,Rock Classics,124.082,3.9538,61.08,0.6053
0.2279,2093.69,63.45,0.5189,242978.717,0.6085,343473,94.26,37i9dQZF1DX6mvEU1S6INL,0.0838,5.5094,106,-7.6759,0.6604,You & Me,124.8985,3.8302,44.07,0.3449
0.1531,8274.62,71.0,0.7284,211543.3824,0.7686,53462,99.87,37i9dQZF1DX46YR1jKxz8o,0.0795,4.5,34,-9.6024,0.6471,This Is: Beastie Boys,111.9331,3.8824,48.15,0.6219
0.0275,841.41,55.99,0.5535,218799.9384,0.8423,215510,93.01,37i9dQZF1DX2SK4ytI2KAZ,0.027,4.7671,146,-4.8743,0.8425,It's ALT Good!,120.8129,3.9589,42.88,0.521
0.0143,268.62,50.75,0.4743,212913.4174,0.8799,285071,84.17,37i9dQZF1DWZkHEX2YHpDV,0.0375,5.3826,115,-4.5332,0.6174,The Scene,130.8937,3.9739,42.94,0.4046
0.0068,321.55,57.12,0.4596,223327.5068,0.9044,385338,89.27,37i9dQZF1DWWJOmJ7nRx0C,0.0316,5.4521,146,-4.5231,0.5274,Rock Hard,134.0873,3.9315,47.78,0.4032
0.0455,636.59,40.88,0.464,237485.7647,0.8683,32167,48.84,37i9dQZF1DXbR32Ldau7WM,0.0845,5.5098,51,-3.9667,0.7255,Big In Japan,131.0359,4.0,35.08,0.4666
0.3588,3838.81,60.67,0.5019,242651.1754,0.4443,18890,97.19,37i9dQZF1DXdXKIWnpyigm,0.0523,6.9298,57,-10.1805,0.8421,This Is: Ryan Adams,120.0574,3.8947,35.47,0.4101
0.2992,3650.11,75.0,0.4937,211898.3286,0.7139,57129,99.36,37i9dQZF1DX2rBR3X9E86S,0.1263,5.4,70,-6.598,0.5714,This Is: The Black Keys,118.5553,3.9857,37.46,0.5386
0.1381,7053.52,70.0,0.5502,236270.98,0.6397,145626,99.36,37i9dQZF1DWUlZhYdX0uqM,0.0099,4.76,50,-8.0637,0.8,This Is: Tom Petty,119.7803,3.98,50.66,0.6187
0.1562,8241.46,79.11,0.4186,212411.7593,0.7693,266762,97.98,37i9dQZF1DX82CY3GzF2m6,0.1518,5.3704,54,-8.4911,0.6667,This Is: Nirvana,129.6997,3.9815,48.72,0.4131
0.0784,13076.53,68.0,0.4775,143652.6471,0.856,46719,99.36,37i9dQZF1DWWc7UGhP4Mpw,0.0819,6.0588,34,-5.9353,0.9118,This Is: Ramones,161.9624,3.9706,25.56,0.7464
0.0511,5452.89,82.0,0.4421,220939.9844,0.8389,244615,99.36,37i9dQZF1DWVPJN9etkrEa,0.0316,5.6094,64,-4.7125,0.8438,This Is: Green Day,133.0798,3.9844,56.55,0.6226
0.0025,8806.84,83.0,0.4059,353777.1304,0.9002,444999,99.36,37i9dQZF1DXbj9Ksq4BAdj,0.1733,6.1014,69,-5.802,0.5797,This Is: Metallica,129.2154,3.9855,22.61,0.3992
0.0929,6704.65,60.0,0.4209,276416.1667,0.7951,8569,99.36,37i9dQZF1DXcGV9sg8bMdx,0.0853,6.3182,66,-7.4787,0.7576,This Is: Jane's Addiction,117.7726,3.9848,33.39,0.3632
0.0806,7062.74,81.0,0.3496,304082.7,0.8078,224635,99.36,37i9dQZF1DWXupFIUw7TOC,0.0336,4.72,50,-4.0801,0.72,This Is Oasis,121.9831,4.0,25.5,0.2961
0.1905,12233.06,69.82,0.5015,234393.8769,0.835,51780,99.18,37i9dQZF1DX5L9gRaHajqj,0.0358,4.7846,65,-6.9049,0.7692,This Is: Kiss,128.0567,3.9692,23.06,0.4997
0.0267,524.48,51.23,0.4563,209312.5887,0.8378,199605,74.16,37i9dQZF1DXcDnIr0iKAG8,0.0754,5.3306,124,-4.7737,0.629,Rock Save the Queen,132.2678,3.9677,36.81,0.4756
0.08,1481.99,53.82,0.4849,214339.042,0.7711,200244,91.79,37i9dQZF1DWY6vTWIdZ54A,0.0705,4.605,119,-5.5143,0.5966,Dirty Rock,122.0994,3.916,40.36,0.4847
0.0054,2540.95,65.88,0.4815,224831.5904,0.9255,250679,95.78,37i9dQZF1DX5OUjSS1OMgV,0.0425,5.6265,83,-4.3496,0.5542,One More Rep,128.2481,3.9518,50.64,0.4828
0.0624,8037.06,65.38,0.4673,251271.8981,0.7468,1256188,98.52,37i9dQZF1DWZn9s1LNKPiM,0.0856,5.414,157,-7.6621,0.758,90s Rock Renaissance,125.5091,3.8917,55.42,0.5061
0.0998,2662.28,64.8,0.6327,222517.7692,0.7619,614769,89.12,37i9dQZF1DX6ALfRKlHn1t,0.0315,5.3462,130,-5.9696,0.6846,Soak Up The Sun,120.425,3.9846,53.88,0.6533
0.1875,958.69,59.14,0.5201,231505.106,0.6705,181182,92.15,37i9dQZF1DXa9xHlDa5fc6,0.0885,5.2252,151,-6.8082,0.6093,License To Chill,121.306,3.9669,43.97,0.4014
0.0984,501.85,55.31,0.523,221469.5524,0.7441,237314,90.71,37i9dQZF1DX2aneNMeYHQ8,0.0607,5.2378,143,-5.9216,0.6783,Rockin' Vibes,124.6243,3.9231,40.1,0.5037
0.1893,2868.93,66.77,0.4428,253628.2571,0.6333,131575,95.9,37i9dQZF1DWXs1L3AC0Xio,0.0426,5.0143,70,-6.6477,0.6429,Rock Ballads,124.6214,3.8286,48.14,0.2975
0.0283,454.29,51.0,0.4946,217529.4295,0.807,310404,79.92,37i9dQZF1DXa6YOhGMjjgx,0.0853,5.3826,149,-5.0293,0.6577,Totally Alternative,129.1059,3.9597,44.17,0.4436
0.0069,5530.51,63.7,0.4918,226672.0423,0.885,367992,97.49,37i9dQZF1DXcfZ6moR6J0G,0.0312,5.5704,142,-4.6925,0.6549,Nu Metal,125.669,3.9859,54.35,0.4663
0.1244,590.63,58.37,0.5914,223452.703,0.7143,62613,93.63,37i9dQZF1DWXMg4uP5o3dm,0.0727,5.703,101,-6.214,0.5842,Alternative Beats,113.7268,4.0,44.23,0.433
0.1527,4619.98,67.03,0.4695,233722.604,0.7492,36642,94.82,37i9dQZF1DX2S9rTKTX6JP,0.0574,5.8317,101,-6.2772,0.6238,Take Note of These Covers,124.1422,3.9307,44.61,0.4667
0.0901,2066.48,35.08,0.3263,271223.8,0.6584,95006,67.07,37i9dQZF1DX6ujZpAN0v9r,0.6726,5.02,50,-8.2722,0.68,Dreamy & Distorted,132.9592,3.78,34.76,0.2551
0.0099,2622.1,66.83,0.4826,218728.5632,0.8965,417642,97.16,37i9dQZF1DX0wiundViT27,0.0364,6.046,87,-4.5326,0.6092,Rock Me UP!,139.5622,3.977,52.7,0.5177
0.0209,2795.19,45.85,0.3723,226145.7308,0.8626,46030,89.17,37i9dQZF1DX9Mqxt6NLTDY,0.2089,5.1282,78,-5.3649,0.5385,All Things Post,132.9081,3.8846,35.73,0.3439
0.0437,4728.93,53.42,0.4459,218363.375,0.8436,396629,95.62,37i9dQZF1DX9wa6XirBPv8,0.0063,5.7019,104,-4.8859,0.6635,Emo Forever,137.779,3.9423,44.7,0.4532
0.006,6302.14,34.37,0.3616,170350.6508,0.9366,38429,84.38,37i9dQZF1DXaGNG7NmtmZv,0.1325,5.9365,63,-5.5503,0.8571,Classic Hardcore,122.887,3.9841,29.3,0.3932
0.0265,2824.78,69.28,0.5116,231362.0976,0.8407,197857,97.59,37i9dQZF1DWZjmJmeiazwd,0.0387,5.3122,205,-5.0421,0.5902,Rock Gaming,126.2404,3.961,56.14,0.4904
0.1625,130.45,57.68,0.5798,196023.2075,0.7444,492786,81.62,37i9dQZF1DX8S0uQvJ4gaa,0.0005,6.0,53,-5.3934,0.8302,New Boots,119.2069,3.9434,59.36,0.5508
0.1759,154.02,57.06,0.5821,198186.8519,0.7301,687059,81.06,37i9dQZF1DX5mB2C8gBeUM,0.0004,5.6481,54,-5.2611,0.8148,Wild Country,121.0783,3.963,56.93,0.55
0.1304,1146.78,75.53,0.5708,213610.098,0.7798,1038737,95.71,37i9dQZF1DWYnwbYQ5HnZU,0.0073,5.7647,51,-5.088,0.902,Country Gold,125.6957,4.0,54.1,0.5976
0.126,410.39,50.59,0.5346,229155.2353,0.7061,231088,76.11,37i9dQZF1DX3Ee0ngF5ZVQ,0.0018,5.6275,51,-5.7111,0.8431,Texas Music Now,127.3056,3.9608,48.47,0.4807
0.6386,975.48,56.67,0.5532,229727.1481,0.3523,316715,91.69,37i9dQZF1DWYiR2Uqcon0X,0.004,5.8148,54,-10.0364,1.0,Country Coffeehouse,115.0821,3.8704,50.94,0.3156
0.0886,332.94,45.57,0.5483,199031.2353,0.8223,49335,76.46,37i9dQZF1DWW7RgkOJG32Y,0.0037,5.0588,51,-5.0141,0.9216,Canadian Country,125.9861,3.9608,39.18,0.5764
0.219,829.33,73.69,0.5751,202465.3148,0.6713,605403,93.85,37i9dQZF1DX8WMG8VPSOJC,0.0013,6.4444,54,-5.9568,0.9444,Country Kind of Love,118.4723,3.9444,60.39,0.5128
0.1551,924.96,75.0,0.5958,205438.5686,0.7313,355147,94.14,37i9dQZF1DWXi7h4mmmkzD,0.0047,6.6863,51,-5.5195,0.902,Country Nights,122.0277,3.9608,55.29,0.5977
0.1479,1128.17,74.3,0.5901,210656.2778,0.7398,1110683,94.86,37i9dQZF1DWTkxQvqMy4WW,0.0059,6.2778,54,-5.5119,0.963,Chillin' on a Dirt Road,123.3674,3.9815,60.54,0.6292
0.3126,2133.24,66.35,0.5056,229155.451,0.5936,128482,94.32,37i9dQZF1DWU2LcZVHsTdv,0.0001,4.6667,51,-6.4679,1.0,Country by the Grace of God,118.8166,3.9608,43.49,0.3636
0.5185,6484.13,59.01,0.624,185230.2824,0.4017,21855,88.54,37i9dQZF1DWU1xHgjMaSpW,0.0297,4.5765,85,-12.1665,1.0,This Is: Merle Haggard,116.6269,3.8941,24.58,0.5824
0.6262,10714.64,76.72,0.6132,176340.4868,0.4781,138316,77.57,37i9dQZF1DX1kw8OX1mNoI,0.0133,5.5526,76,-10.8753,0.8289,This Is:  Johnny Cash,110.0857,3.8947,46.2,0.6502
0.6221,12883.95,77.0,0.6272,169950.894,0.488,22416,77.88,64FJj5HaUHR6KrKSsU8KPx,0.0197,5.9205,151,-11.5854,0.9073,From Beginning To End:  Johnny Cash,112.2622,3.9205,32.15,0.7074
0.313,7591.0,54.98,0.6401,202030.9661,0.6264,298677,94.52,37i9dQZF1DWVpjAJGB70vU,0.0068,5.0847,59,-8.7257,0.9831,Country Icon,123.5333,3.9492,53.27,0.6761
0.2388,509.76,62.48,0.5763,221996.9259,0.6594,146327,95.34,37i9dQZF1DX24Kh15JFQJ0,0.0017,5.6111,54,-6.5425,0.8519,New Traditions: Country Heroes,121.2182,3.9444,43.3,0.4971
0.1846,6281.06,51.2,0.5426,258558.1176,0.725,154786,90.3,37i9dQZF1DXbDjX0hus3Iu,0.0427,4.9412,51,-7.2235,0.8235,It's a Southern Thing,120.9052,3.9216,45.86,0.6392
0.0947,1088.9,55.98,0.6578,229856.1569,0.7819,104107,80.87,37i9dQZF1DXc0fQ4sGOnVJ,0.0184,6.2745,51,-5.5515,0.7255,Field Party,128.5171,4.0,40.76,0.5821
0.7486,7935.56,37.96,0.6105,157762.68,0.3828,1811,77.22,0NfjMqrzcGKVsbYZmhf4Md,0.0084,5.04,50,-11.1149,0.98,Classic Honky Tonk,123.4619,3.94,22.84,0.7356
0.0853,392.04,58.94,0.5632,224427.6667,0.7605,112803,90.56,37i9dQZF1DWWH0izG4erma,0.0277,5.2941,51,-5.7129,0.8235,country ROCKS!!,126.6279,3.9412,48.63,0.604
0.1399,185.73,85.18,0.7138,219910.6833,0.6297,1405751,97.35,37i9dQZF1DX2A29LI7xHn1,0.0127,4.9333,60,-6.4984,0.5167,Signed XOXO,127.215,4.0333,71.95,0.4728
0.1447,55.51,71.47,0.7938,187067.28,0.5926,1580148,97.53,37i9dQZF1DX2RxBh64BHjQ,0.0008,5.47,100,-6.9992,0.61,Most Necessary,129.8949,4.01,61.95,0.4403
0.1227,6482.62,71.96,0.8005,256256.52,0.6968,1602635,99.55,37i9dQZF1DWVA1Gq4XHa6U,0.003,5.64,50,-7.0011,0.46,Gold School,105.0005,4.0,59.58,0.677
0.0959,362.12,83.45,0.7784,214995.77,0.6115,3630410,99.62,37i9dQZF1DWY4xHQp97fN6,0.0012,5.29,100,-6.7147,0.57,Get Turnt,130.8653,4.02,74.86,0.3961
0.2667,279.94,74.28,0.6631,221825.1,0.5431,1324487,95.4,37i9dQZF1DWX3387IZmjNa,0.0063,5.16,50,-7.7797,0.6,"Love, Sex, & Water",118.0041,3.84,64.32,0.3925
0.2484,374.91,60.17,0.7734,221577.71,0.6652,248135,56.67,37i9dQZF1DWYkaDif7Ztbp,0.007,4.89,100,-6.1445,0.49,African Heat,116.5302,4.04,52.48,0.7037
0.262,1465.52,66.02,0.6523,226672.36,0.6189,390875,98.73,37i9dQZF1DX5hR0J49CmXC,0.003,5.58,50,-8.0649,0.54,Mind Right,113.953,3.92,52.96,0.4887
0.1518,1224.01,63.45,0.6913,204485.798,0.7391,484635,77.08,37i9dQZF1DXan38dNVDdl4,0.0005,5.0909,99,-5.4497,0.5152,Dancehall Official,111.6702,4.1313,49.34,0.6643
0.1065,375.46,76.08,0.7515,214206.54,0.6067,434272,88.56,37i9dQZF1DWSvKsRPPnv5o,0.0015,4.08,50,-6.9559,0.54,Cali Fire,114.4812,4.0,59.38,0.413
0.1256,939.14,83.07,0.7366,218686.7619,0.6731,1976058,99.29,37i9dQZF1DWUVpAXiEPK8P,0.0008,5.0714,42,-5.8597,0.6429,Power Workout,126.4231,4.0476,67.0,0.458
0.111,134.61,80.05,0.794,203996.0,0.6144,368256,99.26,37i9dQZF1DX0Tkc6ltcBfU,0.0006,4.614,57,-6.7086,0.614,The Realest Down South,133.2703,4.0351,64.65,0.4602
0.1361,4293.86,70.92,0.6988,234036.52,0.746,170292,99.55,37i9dQZF1DX1YPTAhwehsC,0.0004,5.68,50,-5.3181,0.58,State of Mind,118.331,4.04,55.3,0.5523
0.2359,104.53,46.11,0.7082,213155.7067,0.6363,505392,93.14,37i9dQZF1DWTggY0yqBxES,0.008,5.72,75,-7.7202,0.4133,Alternative Hip Hop,110.8008,3.92,42.31,0.5245
0.0819,681.67,79.08,0.8306,195888.2222,0.6183,1273170,99.25,37i9dQZF1DX0HRj9P7NxeE,0.0001,4.9722,36,-6.635,0.6111,Workout Twerkout,126.3776,4.0,69.17,0.4702
0.2532,251.66,63.68,0.7665,205618.6,0.6855,270189,74.76,37i9dQZF1DWT6SJaitNDax,0.0018,5.66,50,-6.3942,0.3,We Everywhere,116.5963,4.0,57.7,0.678
0.5488,7726.51,57.27,0.5942,273545.0222,0.467,237704,93.01,37i9dQZF1DX2r0FByV5U4C,0.0374,6.2,45,-11.6134,0.5556,Black History Salute,106.8757,3.9111,42.29,0.4947
0.1239,408.38,81.4,0.7736,198927.58,0.6434,50621,97.27,37i9dQZF1DXaKctwWdt4be,0.0006,5.38,50,-6.6175,0.58,Behind The Lyrics: Hip Hop,130.6529,4.0,71.64,0.4431
0.2693,46.48,70.86,0.609,220493.66,0.5399,529728,96.84,37i9dQZF1DWUzFXarNiofw,0.0015,5.52,50,-7.5099,0.48,The Newness,116.1735,3.92,61.68,0.4085
0.1312,164.06,84.02,0.7007,212402.88,0.6065,1360645,97.89,37i9dQZF1DX4y8h9WqDPAE,0.0034,4.88,50,-6.6871,0.42,Channel X,117.1016,4.0,62.46,0.4584
0.1647,1467.59,85.95,0.6945,230227.6591,0.5632,966809,99.94,37i9dQZF1DWXnexX7CktaI,0.0002,5.1591,44,-6.9199,0.5227,Gold Edition,115.9283,3.9773,63.25,0.4605
0.4501,112.87,52.37,0.629,210135.3519,0.4235,689944,91.2,37i9dQZF1DWSfMe9z89s9B,0.0271,5.7222,54,-9.0024,0.463,Alternative R&B,117.522,3.9074,50.91,0.3535
0.2693,151.8,66.32,0.6126,220310.6,0.5355,1157715,96.17,37i9dQZF1DX2UgsUIg75Vg,0.0006,5.88,50,-7.503,0.26,Chilled R&B,111.603,3.86,61.84,0.4008
0.3837,5452.7,60.36,0.5973,284033.7,0.4514,1061338,98.37,37i9dQZF1DX2Ma8k80RiMN,0.0192,5.34,50,-9.9838,0.28,The Sweet Suite,107.4669,3.98,50.4,0.4062
0.2738,5454.39,60.45,0.61,287233.7755,0.5082,110370,98.64,37i9dQZF1DWY12BqhkMFW2,0.0109,4.9184,49,-8.7102,0.5918,Soul Revived,110.6834,3.9796,40.08,0.4591
0.2454,1277.72,65.8,0.6804,238280.56,0.5964,458105,97.34,37i9dQZF1DX62Nfha2yFhL,0.0251,5.38,50,-7.602,0.58,Soul Lounge,106.5413,3.94,53.52,0.5624
0.2771,8157.79,61.08,0.6645,303224.4583,0.4879,638110,98.69,37i9dQZF1DWVEvzGeX3eRs,0.0129,6.6458,48,-9.7207,0.375,'90s Baby Makers,118.4287,3.9583,52.92,0.5252
0.3865,4983.07,57.22,0.5728,290398.2222,0.5004,160176,96.58,37i9dQZF1DWTJNOeepZTGy,0.0102,6.0889,45,-9.2559,0.5111,Wine & Dine,104.9773,3.8222,45.47,0.4911
0.2255,1122.74,47.98,0.4813,311094.86,0.6941,350955,45.39,37i9dQZF1DX7OIddoQVdRt,0.0,5.12,50,-5.6947,0.76,Spread the Gospel,123.6075,3.82,43.64,0.4178
0.2139,9081.16,57.08,0.7561,294086.58,0.7138,444300,93.35,37i9dQZF1DX70TzPK5buVf,0.0653,5.76,50,-9.1105,0.6,Funk Outta Here,115.0958,4.0,43.3,0.8241
